PV Power;Title;Cost;Link
545;JA Solar 545W Monocrystalline Solar Panel | QC4;4301;https://solaradvice.co.za/product/ja-solar-545w-monocrystalline-solar-panel-qc4
375;Canadian Solar 375W Monocrystalline Solar Panel | T4;2979;https://solaradvice.co.za/product/canadian-solar-375w-monocrystalline-solar-panel-t4
380;Canadian Solar 380W Monocrystalline Solar Panel | T4;3048;https://solaradvice.co.za/product/canadian-solar-380w-monocrystalline-solar-panel-t4
385;JA Solar 385W Monocrystalline Solar Panel | Black Frame | MC4;3002;https://solaradvice.co.za/product/ja-solar-385w-monocrystalline-solar-panel-black-frame-mc4
455;JA Solar 455W Monocrystalline Solar Panel | Silver Frame | MC4;3565;https://solaradvice.co.za/product/ja-solar-455w-monocrystalline-solar-panel-silver-frame-mc4
545;Canadian Solar 545W Monocrystalline Solar Panel | MC4-EVO2;4324;https://solaradvice.co.za/product/ja-solar-455w-monocrystalline-solar-panel-silver-frame-mc4
460;JA Solar 460W Monocrystalline Solar Panel | Silver Frame | MC4;3657;https://solaradvice.co.za/product/ja-solar-460w-monocrystalline-solar-panel-silver-frame-mc4
545;JA Solar 545W Monocrystalline Solar Panel;4301;https://solaradvice.co.za/product/ja-solar-545w-monocrystalline-solar-panel
375;Canadian Solar 375W Monocrystalline Solar Panel | MC4-EVO2;2979;https://solaradvice.co.za/product/canadian-solar-375w-monocrystalline-solar-panel-mc4-evo2
540;Canadian Solar 540W Monocrystalline Solar Panel | MC4-EVO2;4186;https://solaradvice.co.za/product/canadian-solar-540w-monocrystalline-solar-panel-mc4-evo2
455;JA Solar 455W Monocrystalline Solar Panel | T4;3588;https://solaradvice.co.za/product/ja-solar-455w-monocrystalline-solar-panel-t4
455;Canadian Solar 455W Monocrystalline Solar Panel | MC4-EVO2;3588;https://solaradvice.co.za/product/canadian-solar-455w-monocrystalline-solar-panel-mc4-evo2
380;Canadian Solar 380W Monocrystalline Solar Panel | MC4-EVO2;3048;https://solaradvice.co.za/product/canadian-solar-380w-monocrystalline-mc4-evo2
370;JA Solar 370W Monocrystalline Solar Panel | Black Frame | MC4;3036;https://solaradvice.co.za/product/ja-solar-370w-monocrystalline-solar-panel-black-frame-mc4
385;JA Solar 385W Monocrystalline Solar Panel | Silver Frame | MC4;3002;https://solaradvice.co.za/product/ja-solar-385w-monocrystalline-solar-panel-silver-frame-mc4
450;Longi 450W Monocrystalline Solar Panel;3105;https://solaradvice.co.za/product/longi-450w-monocrystalline-solar-panel
540;540W Mono Percium Solar Panel;4221;https://solaradvice.co.za/product/540w-mono-percium-solar-panel
365;JA Solar 365W Monocrystalline Solar Panel | Black Frame | MC4;2967;https://solaradvice.co.za/product/ja-solar-365w-monocrystalline-solar-panel-black-frame-mc4
